<?xml version="1.0" encoding="UTF-8"?>
<build-type xmlns:xsi="http://www.w3.org/2001/XMLSchema-instance" uuid="98606e9f-7d6a-4a8d-b782-ab8b580c911a" xsi:noNamespaceSchemaLocation="https://www.jetbrains.com/teamcity/schemas/2018.1/project-config.xsd">
  <name>Build</name>
  <description />
  <settings>
    <parameters />
    <build-runners>
      <runner id="RUNNER_1" name="" type="dotnet.cli">
        <parameters>
          <param name="command" value="restore" />
          <param name="paths" value="WebPage/WebPage.sln" />
          <param name="teamcity.step.mode" value="default" />
        </parameters>
      </runner>
      <runner id="RUNNER_2" name="" type="dotnet.cli">
        <parameters>
          <param name="command" value="build" />
          <param name="paths" value="WebPage/WebPage.sln" />
          <param name="teamcity.step.mode" value="default" />
        </parameters>
      </runner>
      <runner id="RUNNER_3" name="" type="dotnet.cli">
        <parameters>
          <param name="command" value="test" />
          <param name="dotNetCoverage.dotCover.home.path" value="%teamcity.tool.JetBrains.dotCover.CommandLineTools.DEFAULT%" />
          <param name="paths" value="WebPage/WebPage.Tests/WebPage.Tests.csproj" />
          <param name="skipBuild" value="true" />
          <param name="teamcity.step.mode" value="default" />
        </parameters>
      </runner>
      <runner id="RUNNER_4" name="Copy" type="ssh-deploy-runner">
        <parameters>
          <param name="jetbrains.buildServer.deployer.sourcePath" value="WebPage/WebPage/bin/Debug/netcoreapp2.2/**" />
          <param name="jetbrains.buildServer.deployer.ssh.transport" value="jetbrains.buildServer.deployer.ssh.transport.scp" />
          <param name="jetbrains.buildServer.deployer.targetUrl" value="10.0.0.70:/root/webserver" />
          <param name="jetbrains.buildServer.deployer.username" value="root" />
          <param name="jetbrains.buildServer.sshexec.authMethod" value="UPLOADED_KEY" />
          <param name="teamcity.step.mode" value="default" />
          <param name="teamcitySshKey" value="id_rsa" />
        </parameters>
      </runner>
      <runner id="RUNNER_5" name="reiniciar webserver" type="ssh-exec-runner">
        <parameters>
          <param name="jetbrains.buildServer.deployer.targetUrl" value="10.0.0.70" />
          <param name="jetbrains.buildServer.deployer.username" value="root" />
          <param name="jetbrains.buildServer.sshexec.authMethod" value="UPLOADED_KEY" />
          <param name="jetbrains.buildServer.sshexec.command"><![CDATA[killall -9 dotnet
 dotnet /root/webserver/WebPage.dll --server.urls http://0.0.0.0:5000 > /dev/null]]></param>
          <param name="teamcity.step.mode" value="default" />
          <param name="teamcitySshKey" value="id_rsa" />
        </parameters>
      </runner>
    </build-runners>
    <vcs-settings>
      <vcs-entry-ref root-id="DemoIacUtn_HttpsGithubComLucashernangregoriDemoIacUtnGitRefsHeadsMaster" />
    </vcs-settings>
    <requirements />
    <build-triggers>
      <build-trigger id="vcsTrigger" type="vcsTrigger">
        <parameters>
          <param name="perCheckinTriggering" value="true" />
          <param name="quietPeriodMode" value="DO_NOT_USE" />
          <param name="triggerRules" value="+:root=DemoIacUtn_HttpsGithubComLucashernangregoriDemoIacUtnGitRefsHeadsMaster:**" />
        </parameters>
      </build-trigger>
    </build-triggers>
    <cleanup />
  </settings>
</build-type>

